{"Train_F1": 0.5714285373687744, "Train_Precision": 0.5263158082962036, "Train_recall": 0.625, "Train_Avg_error": 0.6909056305885315, "_timestamp": 1678014988.1274664, "_runtime": 25.08685040473938, "_step": 8, "Validation_F1": 0.6666666865348816, "Validation_Precision": 0.5454545617103577, "Validation_recall": 0.8571428656578064, "Validation_Avg_error": 0.6909056305885315, "lr": [1e-05], "_wandb": {"runtime": 24}}