{"Train_F1": 0.7889597415924072, "Train_Precision": 0.7905719876289368, "Train_recall": 0.7873541712760925, "Train_Avg_error": 0.5163227319002723, "Validation_F1": 0.6309611201286316, "Validation_Precision": 0.6782334446907043, "Validation_recall": 0.5898491144180298, "Validation_Avg_error": 0.6428868770599365, "_timestamp": 1678544140.5321953, "_runtime": 3818.4674532413483, "_step": 11, "_wandb": {"runtime": 4044}}