{"Train_F1": 0.7196882963180542, "Train_Precision": 0.7073226571083069, "Train_recall": 0.7324939370155334, "Train_Avg_error": 0.5799184476109527, "Validation_F1": 0.6420323252677917, "Validation_Precision": 0.6813725233078003, "Validation_recall": 0.6069868803024292, "Validation_Avg_error": 0.6414856761693954, "lr": 5e-06, "_timestamp": 1678031762.8118474, "_runtime": 6772.996442556381, "_step": 14, "_wandb": {"runtime": 6772}}