{"Train_F1": 0.7035282254219055, "Train_Precision": 0.686078667640686, "Train_recall": 0.7218884825706482, "Train_Avg_error": 0.594621431383886, "_timestamp": 1678017458.5350127, "_runtime": 2248.3060348033905, "_step": 14, "Validation_F1": 0.7276051044464111, "Validation_Precision": 0.6524590253829956, "Validation_recall": 0.8223140239715576, "Validation_Avg_error": 0.594621431383886, "lr": [1e-05], "_wandb": {"runtime": 2595}}