{"Train_F1": 0.7199169397354126, "Train_Precision": 0.709524929523468, "Train_recall": 0.730617880821228, "Train_Avg_error": 0.5786549210192401, "Validation_F1": 0.6618444323539734, "Validation_Precision": 0.6727941036224365, "Validation_recall": 0.6512455344200134, "Validation_Avg_error": 0.6280681610107421, "lr": 1.0000000000000004e-08, "_timestamp": 1678024521.8801289, "_runtime": 4197.184537887573, "_step": 9, "_wandb": {"runtime": 4202}}