{"Train_F1": 0.7141718864440918, "Train_Precision": 0.7023657560348511, "Train_recall": 0.7263816595077515, "Train_Avg_error": 0.584340251527032, "Validation_F1": 0.6582278609275818, "Validation_Precision": 0.7647058963775635, "Validation_recall": 0.5777778029441833, "Validation_Avg_error": 0.5719257742166519, "_timestamp": 1678036543.3075974, "_runtime": 4043.7440824508667, "_step": 8}